"Date","Price","Open","High","Low","Change %"
"04/17/2023","2.167","2.160","2.169","2.160","-0.62%"
"04/14/2023","2.180","2.210","2.210","2.163","-0.55%"
"04/13/2023","2.192","2.210","2.210","2.160","0.55%"
"04/12/2023","2.180","2.264","2.264","2.173","-0.68%"
"04/11/2023","2.195","2.230","2.230","2.180","-0.99%"
"04/10/2023","2.217","2.240","2.240","2.188","1.14%"
"04/07/2023","2.192","2.240","2.240","2.181","0.92%"
"04/06/2023","2.172","2.283","2.283","2.171","-1.50%"
"04/04/2023","2.205","2.300","2.300","2.193","-0.14%"
"04/03/2023","2.208","2.245","2.245","2.198","-0.09%"
"03/31/2023","2.210","2.268","2.270","2.198","-1.12%"
"03/30/2023","2.235","2.280","2.280","2.230","-1.02%"
"03/29/2023","2.258","2.280","2.280","2.233","0.89%"
"03/28/2023","2.238","2.250","2.250","2.230","0.04%"
"03/27/2023","2.237","2.345","2.345","2.231","-1.37%"
"03/24/2023","2.268","2.340","2.340","2.218","1.25%"
"03/23/2023","2.240","2.285","2.285","2.203","-0.49%"
"03/22/2023","2.251","2.230","2.251","2.204","1.72%"
"03/21/2023","2.213","2.250","2.250","2.213","-0.54%"
"03/20/2023","2.225","2.240","2.240","2.151","0.91%"
"03/17/2023","2.205","2.255","2.255","2.203","-1.12%"
"03/16/2023","2.230","2.280","2.290","2.220","-1.11%"
"03/15/2023","2.255","2.250","2.255","2.230","0.49%"
"03/14/2023","2.244","2.257","2.257","2.229","0.45%"
"03/13/2023","2.234","2.280","2.280","2.224","-0.04%"
"03/10/2023","2.235","2.280","2.280","2.215","-0.67%"
"03/09/2023","2.250","2.330","2.330","2.240","-0.18%"
"03/08/2023","2.254","2.295","2.295","2.235","-0.49%"
"03/07/2023","2.265","2.303","2.303","2.251","-0.13%"
"03/06/2023","2.268","2.400","2.400","2.255","-1.52%"
"03/03/2023","2.303","2.372","2.372","2.285","-0.65%"
"03/02/2023","2.318","2.330","2.360","2.290","0.48%"
"03/01/2023","2.307","2.375","2.375","2.288","0.48%"
"02/28/2023","2.296","2.370","2.370","2.296","-0.35%"
"02/27/2023","2.304","2.360","2.360","2.288","0.61%"
"02/24/2023","2.290","2.310","2.310","2.258","0.88%"
"02/23/2023","2.270","2.300","2.300","2.175","1.75%"
"02/22/2023","2.231","2.300","2.300","2.224","-1.33%"
"02/21/2023","2.261","2.310","2.310","2.240","1.39%"
"02/20/2023","2.230","2.265","2.265","2.199","0.63%"
"02/17/2023","2.216","2.200","2.220","2.188","1.33%"
"02/16/2023","2.187","2.235","2.235","2.164","-0.95%"
"02/15/2023","2.208","2.200","2.208","2.180","-0.05%"
"02/14/2023","2.209","2.260","2.260","2.154","0.91%"
"02/13/2023","2.189","2.260","2.260","2.149","-0.05%"
"02/10/2023","2.190","2.200","2.200","2.150","0.14%"
"02/09/2023","2.187","2.190","2.190","2.140","0.09%"
"02/08/2023","2.185","2.260","2.260","2.145","0.23%"
"02/07/2023","2.180","2.180","2.180","2.147","1.02%"
"02/06/2023","2.158","2.180","2.220","2.130","5.01%"
"02/03/2023","2.055","2.080","2.085","2.035","-1.44%"
"02/02/2023","2.085","2.110","2.110","2.060","-0.71%"
"02/01/2023","2.100","2.120","2.120","2.075","-0.71%"
"01/31/2023","2.115","2.130","2.130","2.095","-0.24%"
"01/30/2023","2.120","2.130","2.130","2.090","2.17%"
"01/29/2023","2.075","2.080","2.085","2.060","0.24%"
"01/28/2023","2.070","2.080","2.108","2.070","-5.48%"
"01/20/2023","2.190","2.160","2.210","2.160","1.15%"
"01/19/2023","2.165","2.220","2.220","2.135","0.23%"
"01/18/2023","2.160","2.190","2.190","2.125","-0.14%"
"01/17/2023","2.163","2.210","2.210","2.135","0.60%"
"01/16/2023","2.150","2.150","2.150","2.125","0.70%"
"01/13/2023","2.135","2.145","2.145","2.105","0.00%"
"01/12/2023","2.135","2.140","2.147","2.108","0.00%"
"01/11/2023","2.135","2.145","2.165","2.125","-0.65%"
"01/10/2023","2.149","2.141","2.149","2.120","1.13%"
"01/09/2023","2.125","2.175","2.175","2.100","1.43%"
"01/06/2023","2.095","2.102","2.102","2.072","1.01%"
"01/05/2023","2.074","2.083","2.083","2.068","0.10%"
"01/04/2023","2.072","2.113","2.123","2.065","-1.80%"
"01/03/2023","2.110","2.155","2.155","2.085","-1.77%"
"12/30/2022","2.148","2.183","2.197","2.142","-1.24%"
"12/29/2022","2.175","2.270","2.295","2.165","-3.68%"
"12/28/2022","2.258","2.300","2.350","2.220","-0.13%"
"12/27/2022","2.261","2.260","2.270","2.225","0.76%"
"12/26/2022","2.244","2.250","2.300","2.215","0.49%"
"12/23/2022","2.233","2.285","2.300","2.220","-1.63%"
"12/22/2022","2.270","2.308","2.328","2.260","-1.09%"
"12/21/2022","2.295","2.310","2.313","2.280","-0.26%"
"12/20/2022","2.301","2.317","2.317","2.285","0.35%"
"12/19/2022","2.293","2.370","2.370","2.275","-1.16%"
"12/16/2022","2.320","2.345","2.345","2.308","0.61%"
"12/15/2022","2.306","2.351","2.351","2.298","-0.52%"
"12/14/2022","2.318","2.357","2.357","2.307","-0.56%"
"12/13/2022","2.331","2.325","2.331","2.300","0.78%"
"12/12/2022","2.313","2.360","2.360","2.275","0.83%"
"12/09/2022","2.294","2.250","2.294","2.250","1.82%"
"12/08/2022","2.253","2.260","2.276","2.240","0.13%"
"12/07/2022","2.250","2.216","2.280","2.193","2.27%"
"12/06/2022","2.200","2.210","2.220","2.188","-1.35%"
"12/05/2022","2.230","2.200","2.230","2.155","0.45%"
"12/02/2022","2.220","2.170","2.220","2.142","2.45%"
"12/01/2022","2.167","2.143","2.167","2.132","0.70%"
"11/30/2022","2.152","2.200","2.200","2.132","-1.74%"
"11/29/2022","2.190","2.125","2.190","2.088","3.64%"
"11/28/2022","2.113","2.110","2.160","2.055","-0.80%"
"11/25/2022","2.130","2.083","2.130","2.062","2.16%"
"11/24/2022","2.085","2.150","2.150","2.058","-2.80%"
"11/23/2022","2.145","2.177","2.177","2.133","-0.79%"
"11/22/2022","2.162","2.165","2.165","2.128","0.09%"
"11/21/2022","2.160","2.210","2.240","2.130","-0.92%"
"11/18/2022","2.180","2.215","2.230","2.153","-1.27%"
"11/17/2022","2.208","2.280","2.320","2.175","0.68%"
"11/16/2022","2.193","2.176","2.195","2.133","0.83%"
"11/15/2022","2.175","2.100","2.175","2.078","5.69%"
"11/14/2022","2.058","2.020","2.065","2.020","5.81%"
"11/11/2022","1.945","1.930","1.970","1.850","4.29%"
"11/10/2022","1.865","1.870","1.870","1.818","3.04%"
"11/09/2022","1.810","1.833","1.833","1.785","1.40%"
"11/08/2022","1.785","1.860","1.860","1.765","-0.83%"
"11/07/2022","1.800","1.880","1.880","1.755","4.96%"
"11/04/2022","1.715","1.721","1.729","1.711","0.12%"
"11/03/2022","1.713","1.746","1.752","1.710","-1.04%"
"11/02/2022","1.731","1.716","1.749","1.703","0.82%"
"11/01/2022","1.717","1.732","1.761","1.717","-0.75%"
"10/31/2022","1.730","1.780","1.780","1.718","-0.75%"
"10/28/2022","1.743","1.752","1.769","1.736","0.46%"
"10/27/2022","1.735","1.731","1.768","1.731","0.23%"
"10/26/2022","1.731","1.759","1.784","1.714","-1.03%"
"10/25/2022","1.749","1.756","1.785","1.745","-0.29%"
"10/24/2022","1.754","1.820","1.851","1.741","0.29%"
"10/21/2022","1.749","1.754","1.768","1.741","0.69%"
"10/20/2022","1.737","1.748","1.755","1.735","0.17%"
"10/19/2022","1.734","1.765","1.765","1.727","-0.63%"
"10/18/2022","1.745","1.745","1.776","1.744","0.06%"
"10/17/2022","1.744","1.747","1.778","1.736","-0.74%"
"10/14/2022","1.757","1.823","1.823","1.746","-1.18%"
"10/13/2022","1.778","1.800","1.800","1.766","0.68%"
"10/12/2022","1.766","1.750","1.772","1.750","0.40%"
"10/11/2022","1.759","1.813","1.832","1.755","-0.90%"
"10/10/2022","1.775","1.755","1.775","1.714","-3.53%"
"10/03/2022","1.840","1.840","1.840","1.840","1.49%"
"09/30/2022","1.813","1.823","1.823","1.813","-2.16%"
"09/29/2022","1.853","1.863","1.863","1.853","-0.75%"
"09/28/2022","1.867","1.865","1.870","1.850","0.92%"
"09/27/2022","1.850","1.855","1.880","1.840","1.09%"
"09/26/2022","1.830","1.840","1.840","1.800","2.06%"
"09/23/2022","1.793","1.815","1.815","1.793","0.17%"
"09/22/2022","1.790","1.800","1.800","1.790","-1.81%"
"09/21/2022","1.823","1.825","1.850","1.823","-0.27%"
"09/20/2022","1.828","1.838","1.843","1.828","-0.05%"
"09/19/2022","1.829","1.855","1.855","1.829","1.05%"
"09/16/2022","1.810","1.790","1.820","1.790","1.40%"
"09/15/2022","1.785","1.780","1.785","1.775","1.59%"
"09/14/2022","1.757","1.770","1.770","1.755","0.11%"
"09/13/2022","1.755","1.851","1.851","1.736","0.46%"
"09/09/2022","1.747","1.747","1.747","1.720","1.69%"
"09/08/2022","1.718","1.730","1.730","1.711","1.18%"
"09/07/2022","1.698","1.710","1.710","1.682","0.89%"
"09/06/2022","1.683","1.710","1.710","1.662","-0.53%"
"09/05/2022","1.692","1.780","1.780","1.662","0.30%"
"09/02/2022","1.687","1.734","1.734","1.676","-0.59%"
"09/01/2022","1.697","1.720","1.753","1.692","-0.70%"
"08/31/2022","1.709","1.747","1.747","1.694","-0.64%"
"08/30/2022","1.720","1.768","1.777","1.714","-2.44%"
"08/29/2022","1.763","1.896","1.896","1.758","-1.40%"
"08/26/2022","1.788","1.773","1.790","1.773","1.42%"
"08/25/2022","1.763","1.765","1.765","1.740","0.74%"
"08/24/2022","1.750","1.742","1.751","1.727","0.81%"
"08/23/2022","1.736","1.717","1.754","1.709","1.82%"
"08/22/2022","1.705","1.740","1.740","1.662","0.47%"
"08/19/2022","1.697","1.712","1.720","1.684","0.83%"
"08/18/2022","1.683","1.721","1.721","1.680","-0.59%"
"08/17/2022","1.693","1.700","1.717","1.689","0.00%"
"08/16/2022","1.693","1.728","1.728","1.676","-1.11%"
"08/15/2022","1.712","1.939","1.939","1.703","-6.75%"
"08/12/2022","1.836","1.878","1.880","1.829","-0.65%"
"08/11/2022","1.848","1.882","1.882","1.844","0.27%"
"08/10/2022","1.843","1.867","1.868","1.810","0.99%"
"08/09/2022","1.825","1.828","1.828","1.788","1.56%"
"08/08/2022","1.797","1.839","1.839","1.741","13.38%"
"08/05/2022","1.585","1.567","1.585","1.560","1.73%"
"08/04/2022","1.558","1.580","1.600","1.553","-0.95%"
"08/03/2022","1.573","1.640","1.643","1.573","-3.62%"
"08/02/2022","1.632","1.688","1.688","1.620","-1.51%"
"08/01/2022","1.657","1.720","1.720","1.650","-2.82%"
"07/29/2022","1.705","1.755","1.755","1.693","-0.87%"
"07/28/2022","1.720","1.725","1.730","1.708","0.41%"
"07/27/2022","1.713","1.745","1.745","1.710","-0.70%"
"07/26/2022","1.725","1.770","1.770","1.720","-1.43%"
"07/25/2022","1.750","1.850","1.850","1.740","0.00%"
"07/22/2022","1.750","1.770","1.775","1.742","0.00%"
"07/21/2022","1.750","1.773","1.773","1.740","-0.74%"
"07/20/2022","1.763","1.770","1.780","1.743","0.34%"
"07/19/2022","1.757","1.793","1.817","1.750","-1.13%"
"07/18/2022","1.777","1.870","1.870","1.770","-2.90%"
"07/15/2022","1.830","1.863","1.880","1.827","-1.51%"
"07/14/2022","1.858","1.908","1.908","1.853","-2.52%"
"07/13/2022","1.906","1.907","1.907","1.871","1.33%"
"07/12/2022","1.881","1.893","1.910","1.876","-0.21%"
"07/11/2022","1.885","1.940","1.940","1.881","-1.41%"
"07/08/2022","1.912","1.961","1.961","1.903","-1.44%"
"07/07/2022","1.940","1.950","1.975","1.935","-0.15%"
"07/06/2022","1.943","2.005","2.005","1.943","-1.47%"
"07/05/2022","1.972","1.978","1.993","1.963","0.87%"
"07/04/2022","1.955","1.965","1.965","1.897","2.79%"
"07/01/2022","1.902","1.949","1.967","1.892","-0.63%"
"06/30/2022","1.914","2.005","2.005","1.903","-2.10%"
"06/29/2022","1.955","2.013","2.013","1.943","-1.91%"
"06/28/2022","1.993","2.031","2.031","1.970","0.66%"
"06/27/2022","1.980","1.980","1.995","1.967","1.54%"
"06/24/2022","1.950","1.995","2.002","1.930","0.36%"
"06/23/2022","1.943","1.995","2.002","1.937","-1.37%"
"06/22/2022","1.970","2.008","2.008","1.963","-0.66%"
"06/21/2022","1.983","2.017","2.017","1.980","-0.25%"
"06/20/2022","1.988","2.020","2.020","1.987","-1.09%"
"06/17/2022","2.010","2.031","2.031","2.001","-0.40%"
"06/16/2022","2.018","2.044","2.044","2.005","-0.10%"
"06/15/2022","2.020","2.121","2.121","2.013","-0.69%"
"06/14/2022","2.034","2.041","2.041","2.013","0.99%"
"06/13/2022","2.014","2.091","2.091","2.004","0.25%"
"06/10/2022","2.009","2.027","2.027","2.000","0.20%"
"06/09/2022","2.005","2.061","2.061","2.002","-1.76%"
"06/08/2022","2.041","2.103","2.103","2.033","-1.07%"
"06/07/2022","2.063","2.040","2.063","2.020","1.78%"
"06/06/2022","2.027","2.009","2.040","1.980","1.76%"
"06/02/2022","1.992","2.009","2.009","1.980","0.10%"
"06/01/2022","1.990","2.018","2.018","1.970","0.00%"
"05/31/2022","1.990","1.998","1.998","1.968","0.45%"
"05/30/2022","1.981","2.062","2.062","1.963","0.51%"
"05/27/2022","1.971","1.997","2.004","1.961","-0.55%"
"05/26/2022","1.982","2.038","2.056","1.975","-1.88%"
"05/25/2022","2.020","2.041","2.041","2.006","0.60%"
"05/24/2022","2.008","2.037","2.037","2.000","-0.54%"
"05/23/2022","2.019","2.100","2.100","2.012","-1.17%"
"05/20/2022","2.043","2.062","2.062","2.039","-0.24%"
"05/19/2022","2.048","2.020","2.049","2.007","1.64%"
"05/18/2022","2.015","2.073","2.073","2.015","-1.80%"
"05/17/2022","2.052","2.102","2.113","2.044","-1.25%"
"05/16/2022","2.078","2.187","2.187","2.075","-0.95%"
"05/13/2022","2.098","2.135","2.135","2.090","-0.80%"
"05/12/2022","2.115","2.157","2.157","2.108","-0.56%"
"05/11/2022","2.127","2.140","2.140","2.111","0.24%"
"05/10/2022","2.122","2.137","2.137","2.104","-0.14%"
"05/09/2022","2.125","2.210","2.210","2.122","-0.40%"
"05/07/2022","2.134","2.115","2.150","2.115","-1.45%"
"05/06/2022","2.165","2.161","2.165","2.137","1.22%"
"05/05/2022","2.139","2.210","2.210","2.134","-0.42%"
"04/29/2022","2.148","2.170","2.171","2.140","-0.32%"
"04/28/2022","2.155","2.152","2.157","2.124","1.56%"
"04/27/2022","2.122","2.127","2.130","2.102","0.24%"
"04/26/2022","2.117","2.140","2.140","2.108","-0.52%"
"04/25/2022","2.128","2.168","2.168","2.118","0.50%"
"04/24/2022","2.118","2.105","2.150","2.105","8.04%"
"04/22/2022","1.960","1.983","2.010","1.950","-0.86%"
"04/21/2022","1.977","2.017","2.033","1.973","-1.89%"
"04/20/2022","2.015","2.058","2.058","2.008","-0.89%"
"04/19/2022","2.033","2.017","2.033","2.003","0.79%"
"04/18/2022","2.017","2.080","2.080","2.005","1.41%"
"04/15/2022","1.989","2.068","2.068","1.985","-2.83%"
"04/14/2022","2.047","2.092","2.092","2.023","-1.11%"
"04/13/2022","2.070","2.121","2.121","2.055","-0.91%"
"04/12/2022","2.089","2.103","2.103","2.073","0.38%"
"04/11/2022","2.081","2.110","2.110","2.075","0.05%"
"04/08/2022","2.080","2.105","2.105","2.072","0.10%"
"04/07/2022","2.078","2.165","2.165","2.072","-2.81%"
"04/06/2022","2.138","2.170","2.170","2.089","2.35%"
"04/02/2022","2.089","2.103","2.108","2.080","-2.29%"
"04/01/2022","2.138","2.167","2.167","2.111","-0.42%"
"03/31/2022","2.147","2.187","2.187","2.135","-0.74%"
"03/30/2022","2.163","2.187","2.200","2.153","0.00%"
"03/29/2022","2.163","2.176","2.178","2.151","0.09%"
"03/28/2022","2.161","2.280","2.280","2.143","-1.64%"
"03/25/2022","2.197","2.200","2.213","2.163","0.78%"
"03/24/2022","2.180","2.230","2.230","2.170","-0.37%"
"03/23/2022","2.188","2.215","2.228","2.175","0.37%"
"03/22/2022","2.180","2.187","2.203","2.160","0.93%"
"03/21/2022","2.160","2.245","2.245","2.153","-0.46%"
"03/18/2022","2.170","2.187","2.187","2.133","0.05%"
"03/17/2022","2.169","2.197","2.197","2.162","-0.37%"
"03/16/2022","2.177","2.170","2.200","2.160","1.11%"
"03/15/2022","2.153","2.117","2.153","2.113","2.38%"
"03/14/2022","2.103","2.105","2.105","2.060","-1.04%"
"03/11/2022","2.125","2.152","2.152","2.110","0.09%"
"03/10/2022","2.123","2.130","2.145","2.119","-0.09%"
"03/09/2022","2.125","2.077","2.145","2.053","3.36%"
"03/08/2022","2.056","2.095","2.116","2.043","-0.92%"
"03/07/2022","2.075","2.170","2.170","2.064","-0.10%"
"03/04/2022","2.077","2.098","2.100","2.077","-0.91%"
"03/03/2022","2.096","2.083","2.096","2.057","2.09%"
"03/02/2022","2.053","2.047","2.067","2.030","1.13%"
"03/01/2022","2.030","2.115","2.115","2.020","-1.98%"
"02/28/2022","2.071","2.070","2.071","2.002","2.78%"
"02/26/2022","2.015","2.015","2.015","2.015","-0.25%"
"02/25/2022","2.020","2.078","2.078","2.020","-2.60%"
"02/24/2022","2.074","2.073","2.074","2.060","0.05%"
"02/23/2022","2.073","2.097","2.097","2.060","0.29%"
"02/22/2022","2.067","2.040","2.067","2.012","2.73%"
"02/21/2022","2.012","2.050","2.050","1.990","1.36%"
"02/18/2022","1.985","1.955","1.985","1.919","3.66%"
"02/17/2022","1.915","1.940","1.940","1.906","0.16%"
"02/16/2022","1.912","1.925","1.925","1.866","1.92%"
"02/15/2022","1.876","1.980","1.980","1.864","-2.80%"
"02/14/2022","1.930","2.000","2.000","1.884","3.26%"
"02/11/2022","1.869","1.895","1.895","1.863","0.38%"
"02/10/2022","1.862","1.907","1.907","1.857","-1.12%"
"02/09/2022","1.883","1.943","1.943","1.868","-1.57%"
"02/08/2022","1.913","1.990","1.990","1.912","-2.45%"
"02/07/2022","1.961","2.055","2.055","1.960","0.82%"
"01/30/2022","1.945","1.945","1.945","1.925","-0.51%"
"01/29/2022","1.955","1.974","1.980","1.955","-3.36%"
"01/28/2022","2.023","2.023","2.025","2.000","1.71%"
"01/27/2022","1.989","2.035","2.035","1.988","-0.40%"
"01/26/2022","1.997","2.028","2.028","1.995","0.30%"
"01/25/2022","1.991","2.020","2.020","1.988","0.10%"
"01/24/2022","1.989","2.100","2.100","1.975","-2.16%"
"01/21/2022","2.033","2.062","2.062","2.032","0.05%"
"01/20/2022","2.032","2.073","2.073","2.030","-0.68%"
"01/19/2022","2.046","2.113","2.113","2.042","-2.43%"
"01/18/2022","2.097","2.157","2.157","2.093","-1.92%"
"01/17/2022","2.138","2.220","2.220","2.135","-1.06%"
"01/14/2022","2.161","2.188","2.188","2.149","-0.41%"
"01/13/2022","2.170","2.208","2.208","2.148","-0.09%"
"01/12/2022","2.172","2.177","2.177","2.150","0.60%"
"01/11/2022","2.159","2.178","2.178","2.145","0.28%"
"01/10/2022","2.153","2.220","2.220","2.140","-0.69%"
"01/07/2022","2.168","2.233","2.233","2.155","-1.54%"
"01/06/2022","2.202","2.215","2.215","2.188","0.78%"
"01/05/2022","2.185","2.215","2.215","2.181","-0.23%"
"01/04/2022","2.190","2.230","2.230","2.180","-0.23%"
"12/31/2021","2.195","2.288","2.303","2.173","-3.22%"
"12/30/2021","2.268","2.333","2.357","2.243","-2.03%"
"12/29/2021","2.315","2.387","2.387","2.307","-1.87%"
"12/28/2021","2.359","2.363","2.368","2.335","0.60%"
"12/27/2021","2.345","2.450","2.450","2.336","-0.09%"
"12/24/2021","2.347","2.345","2.347","2.332","0.34%"
"12/23/2021","2.339","2.390","2.390","2.335","-1.06%"
"12/22/2021","2.364","2.382","2.382","2.359","-0.63%"
"12/21/2021","2.379","2.370","2.384","2.350","1.41%"
"12/20/2021","2.346","2.350","2.350","2.315","1.65%"
"12/17/2021","2.308","2.328","2.328","2.295","0.35%"
"12/16/2021","2.300","2.313","2.318","2.289","0.44%"
"12/15/2021","2.290","2.310","2.310","2.281","0.31%"
"12/14/2021","2.283","2.315","2.315","2.274","0.13%"
"12/13/2021","2.280","2.340","2.340","2.278","-0.09%"
"12/10/2021","2.282","2.313","2.313","2.281","-0.57%"
"12/09/2021","2.295","2.290","2.330","2.267","0.88%"
"12/08/2021","2.275","2.283","2.283","2.254","0.26%"
"12/07/2021","2.269","2.253","2.278","2.250","1.02%"
"12/06/2021","2.246","2.320","2.320","2.245","4.95%"
"12/03/2021","2.140","2.163","2.163","2.130","-0.33%"
"12/02/2021","2.147","2.152","2.155","2.132","-0.28%"
"12/01/2021","2.153","2.185","2.185","2.152","-0.74%"
"11/30/2021","2.169","2.163","2.175","2.150","0.79%"
"11/29/2021","2.152","2.180","2.180","2.131","2.04%"
"11/27/2021","2.109","2.109","2.109","2.109","-0.66%"
"11/26/2021","2.123","2.158","2.158","2.111","-0.89%"
"11/25/2021","2.142","2.186","2.186","2.135","-1.34%"
"11/24/2021","2.171","2.214","2.214","2.164","-0.23%"
"11/23/2021","2.176","2.218","2.218","2.163","-0.64%"
"11/22/2021","2.190","2.280","2.280","2.146","0.32%"
"11/19/2021","2.183","2.214","2.214","2.160","-0.55%"
"11/18/2021","2.195","2.208","2.208","2.167","0.41%"
"11/17/2021","2.186","2.210","2.210","2.176","0.18%"
"11/16/2021","2.182","2.216","2.216","2.175","-0.46%"
"11/15/2021","2.192","2.248","2.248","2.174","0.60%"
"11/13/2021","2.179","2.179","2.184","2.179","-0.73%"
"11/12/2021","2.195","2.232","2.232","2.194","-1.22%"
"11/11/2021","2.222","2.231","2.231","2.194","1.32%"
"11/10/2021","2.193","2.214","2.214","2.184","0.23%"
"11/09/2021","2.188","2.200","2.200","2.172","-0.23%"
"11/08/2021","2.193","2.229","2.229","2.175","0.50%"
"11/05/2021","2.182","2.236","2.236","2.182","-1.00%"
"11/04/2021","2.204","2.225","2.268","2.173","-1.17%"
"11/03/2021","2.230","2.277","2.277","2.218","0.41%"
"11/02/2021","2.221","2.302","2.302","2.209","-1.07%"
"11/01/2021","2.245","2.370","2.370","2.241","0.36%"
"10/29/2021","2.237","2.274","2.274","2.236","-0.71%"
"10/28/2021","2.253","2.295","2.300","2.246","-1.36%"
"10/27/2021","2.284","2.307","2.307","2.272","0.57%"
"10/26/2021","2.271","2.320","2.320","2.269","-1.30%"
"10/25/2021","2.301","2.390","2.390","2.270","0.48%"
"10/22/2021","2.290","2.355","2.355","2.280","-0.22%"
"10/21/2021","2.295","2.347","2.347","2.288","-0.82%"
"10/20/2021","2.314","2.375","2.375","2.306","-0.34%"
"10/19/2021","2.322","2.358","2.365","2.318","-0.90%"
"10/18/2021","2.343","2.370","2.370","2.300","1.38%"
"10/15/2021","2.311","2.312","2.325","2.280","0.57%"
"10/14/2021","2.298","2.333","2.333","2.288","-0.17%"
"10/13/2021","2.302","2.325","2.325","2.293","0.22%"
"10/12/2021","2.297","2.333","2.365","2.293","-0.43%"
"10/11/2021","2.307","2.360","2.360","2.299","0.81%"
"10/09/2021","2.289","2.280","2.290","2.280","-0.93%"
"10/08/2021","2.310","2.365","2.365","2.285","0.65%"
"09/30/2021","2.295","2.360","2.360","2.285","-1.71%"
"09/29/2021","2.335","2.365","2.367","2.323","-0.30%"
"09/28/2021","2.342","2.333","2.350","2.327","0.82%"
"09/27/2021","2.323","2.370","2.370","2.320","0.78%"
"09/26/2021","2.305","2.285","2.310","2.285","-1.24%"
"09/24/2021","2.334","2.327","2.334","2.314","0.39%"
"09/23/2021","2.325","2.338","2.338","2.302","0.13%"
"09/22/2021","2.322","2.355","2.355","2.299","1.07%"
"09/18/2021","2.297","2.305","2.315","2.297","-1.18%"
"09/17/2021","2.325","2.350","2.350","2.310","-0.17%"
"09/16/2021","2.329","2.359","2.359","2.323","0.04%"
"09/15/2021","2.328","2.350","2.350","2.311","0.43%"
"09/14/2021","2.318","2.304","2.318","2.280","2.02%"
"09/13/2021","2.272","2.330","2.330","2.268","0.09%"
"09/10/2021","2.270","2.300","2.300","2.256","0.53%"
"09/09/2021","2.258","2.268","2.276","2.250","0.13%"
"09/08/2021","2.255","2.293","2.315","2.250","-0.18%"
"09/07/2021","2.259","2.286","2.299","2.243","0.27%"
"09/06/2021","2.253","2.338","2.338","2.242","0.27%"
"09/03/2021","2.247","2.263","2.263","2.240","0.31%"
"09/02/2021","2.240","2.280","2.280","2.235","0.45%"
"09/01/2021","2.230","2.360","2.360","2.230","-0.80%"
"08/31/2021","2.248","2.287","2.305","2.245","-0.53%"
"08/30/2021","2.260","2.360","2.360","2.253","-0.75%"
"08/27/2021","2.277","2.287","2.287","2.264","0.18%"
"08/26/2021","2.273","2.270","2.273","2.250","1.11%"
"08/25/2021","2.248","2.295","2.295","2.235","0.13%"
"08/24/2021","2.245","2.258","2.285","2.234","0.04%"
"08/23/2021","2.244","2.283","2.283","2.223","1.40%"
"08/20/2021","2.213","2.204","2.220","2.188","1.28%"
"08/19/2021","2.185","2.230","2.230","2.175","-0.36%"
"08/18/2021","2.193","2.213","2.213","2.173","0.73%"
"08/17/2021","2.177","2.240","2.240","2.172","-1.14%"
"08/16/2021","2.202","2.310","2.310","2.175","0.82%"
"08/13/2021","2.184","2.290","2.290","2.180","-1.40%"
"08/12/2021","2.215","2.220","2.220","2.180","1.37%"
"08/11/2021","2.185","2.220","2.220","2.185","-0.46%"
"08/10/2021","2.195","2.240","2.300","2.193","0.69%"
"08/09/2021","2.180","2.160","2.180","2.132","1.25%"
"08/06/2021","2.153","2.160","2.160","2.132","1.08%"
"08/05/2021","2.130","2.160","2.160","2.125","-0.51%"
"08/04/2021","2.141","2.163","2.163","2.137","0.52%"
"08/03/2021","2.130","2.154","2.154","2.110","0.24%"
"08/02/2021","2.125","2.230","2.230","2.113","8.42%"
"07/30/2021","1.960","2.090","2.090","1.940","-1.51%"
"07/29/2021","1.990","2.050","2.050","1.990","-0.25%"
"07/28/2021","1.995","1.985","1.995","1.940","2.15%"
"07/27/2021","1.953","1.983","1.983","1.925","1.35%"
"07/26/2021","1.927","1.955","1.955","1.927","-1.68%"
"07/23/2021","1.960","2.067","2.067","1.955","-0.91%"
"07/22/2021","1.978","2.015","2.015","1.965","0.87%"
"07/21/2021","1.961","2.020","2.020","1.956","-1.31%"
"07/20/2021","1.987","2.043","2.043","1.985","-0.95%"
"07/19/2021","2.006","2.109","2.109","1.985","-0.45%"
"07/16/2021","2.015","2.080","2.080","2.015","-1.37%"
"07/15/2021","2.043","2.077","2.080","2.043","-1.45%"
"07/14/2021","2.073","2.103","2.124","2.073","0.14%"
"07/13/2021","2.070","2.128","2.128","2.070","-1.57%"
"07/12/2021","2.103","2.230","2.230","2.103","-1.73%"
"07/09/2021","2.140","2.183","2.183","2.140","-0.60%"
"07/08/2021","2.153","2.272","2.272","2.140","-4.31%"
"07/07/2021","2.250","2.282","2.292","2.248","-0.75%"
"07/06/2021","2.267","2.302","2.302","2.267","-0.57%"
"07/05/2021","2.280","2.340","2.340","2.278","-1.08%"
"07/02/2021","2.305","2.324","2.324","2.294","-0.09%"
"07/01/2021","2.307","2.358","2.358","2.304","-0.65%"
"06/30/2021","2.322","2.420","2.420","2.313","-2.23%"
"06/29/2021","2.375","2.395","2.395","2.365","-0.04%"
"06/28/2021","2.376","2.400","2.400","2.370","0.47%"
"06/25/2021","2.365","2.450","2.450","2.365","-1.25%"
"06/24/2021","2.395","2.495","2.495","2.395","-2.04%"
"06/23/2021","2.445","2.550","2.550","2.440","-0.61%"
"06/22/2021","2.460","2.516","2.516","2.460","-0.12%"
"06/21/2021","2.463","2.575","2.575","2.461","-0.28%"
"06/18/2021","2.470","2.496","2.496","2.455","0.32%"
"06/17/2021","2.462","2.492","2.492","2.457","-0.04%"
"06/16/2021","2.463","2.478","2.478","2.430","1.19%"
"06/15/2021","2.434","2.488","2.488","2.430","0.79%"
"06/11/2021","2.415","2.427","2.427","2.412","0.08%"
"06/10/2021","2.413","2.460","2.460","2.397","0.33%"
"06/09/2021","2.405","2.455","2.455","2.400","-0.41%"
"06/08/2021","2.415","2.425","2.425","2.380","1.13%"
"06/07/2021","2.388","2.421","2.421","2.360","-6.10%"
"06/04/2021","2.543","2.550","2.562","2.540","0.00%"
"06/03/2021","2.543","2.570","2.570","2.530","-0.27%"
"06/02/2021","2.550","2.588","2.588","2.550","-0.08%"
"06/01/2021","2.552","2.588","2.588","2.549","-0.43%"
"05/31/2021","2.563","2.665","2.665","2.549","0.43%"
"05/28/2021","2.552","2.593","2.593","2.543","0.59%"
"05/27/2021","2.537","2.552","2.553","2.531","-0.04%"
"05/26/2021","2.538","2.558","2.558","2.529","-0.20%"
"05/25/2021","2.543","2.564","2.564","2.534","0.43%"
"05/24/2021","2.532","2.580","2.580","2.522","0.46%"
"05/22/2021","2.520","2.520","2.520","2.520","-0.30%"
"05/21/2021","2.528","2.557","2.557","2.513","-0.63%"
"05/20/2021","2.544","2.566","2.566","2.543","-0.35%"
"05/19/2021","2.553","2.600","2.600","2.543","-0.62%"
"05/18/2021","2.569","2.576","2.576","2.564","-0.04%"
"05/17/2021","2.570","2.600","2.600","2.566","0.98%"
"05/14/2021","2.545","2.573","2.573","2.544","-0.70%"
"05/13/2021","2.563","2.557","2.563","2.543","0.79%"
"05/12/2021","2.543","2.623","2.623","2.515","0.67%"
"05/11/2021","2.526","2.573","2.573","2.515","-0.90%"
"05/10/2021","2.549","2.636","2.663","2.548","0.06%"
"05/08/2021","2.547","2.542","2.553","2.542","-0.80%"
"05/07/2021","2.568","2.636","2.636","2.561","-0.89%"
"05/06/2021","2.591","2.650","2.650","2.588","-0.73%"
"04/30/2021","2.610","2.635","2.635","2.597","-0.31%"
"04/29/2021","2.618","2.670","2.670","2.605","-1.21%"
"04/28/2021","2.650","2.674","2.674","2.640","0.04%"
"04/27/2021","2.649","2.700","2.700","2.646","-0.41%"
"04/26/2021","2.660","2.753","2.753","2.654","0.55%"
"04/25/2021","2.645","2.620","2.646","2.620","0.40%"
"04/23/2021","2.635","2.647","2.647","2.626","0.04%"
"04/22/2021","2.634","2.691","2.691","2.628","-0.42%"
"04/21/2021","2.645","2.780","2.780","2.631","-0.56%"
"04/20/2021","2.660","2.708","2.708","2.655","-1.30%"
"04/19/2021","2.695","2.802","2.802","2.688","9.29%"
"04/16/2021","2.466","2.515","2.515","2.462","-0.16%"
"04/15/2021","2.470","2.492","2.492","2.463","0.12%"
"04/14/2021","2.467","2.488","2.488","2.463","-0.40%"
"04/13/2021","2.477","2.522","2.522","2.474","-0.40%"
"04/12/2021","2.487","2.580","2.580","2.481","-0.44%"
"04/09/2021","2.498","2.531","2.531","2.496","-0.72%"
"04/08/2021","2.516","2.527","2.527","2.507","-0.16%"
"04/07/2021","2.520","2.532","2.532","2.513","-0.16%"
"04/06/2021","2.524","2.640","2.640","2.514","-0.36%"
"04/02/2021","2.533","2.557","2.620","2.523","0.12%"
"04/01/2021","2.530","2.561","2.561","2.526","-0.39%"
"03/31/2021","2.540","2.597","2.597","2.535","-0.86%"
"03/30/2021","2.562","2.594","2.594","2.559","-0.19%"
"03/29/2021","2.567","2.631","2.631","2.564","0.16%"
"03/26/2021","2.563","2.575","2.579","2.557","0.35%"
"03/25/2021","2.554","2.578","2.578","2.554","-0.35%"
"03/24/2021","2.563","2.607","2.607","2.560","-0.66%"
"03/23/2021","2.580","2.602","2.602","2.578","-0.12%"
"03/22/2021","2.583","2.646","2.646","2.578","-0.15%"
"03/19/2021","2.587","2.604","2.604","2.582","0.08%"
"03/18/2021","2.585","2.610","2.610","2.585","-0.31%"
"03/17/2021","2.593","2.599","2.602","2.587","-0.19%"
"03/16/2021","2.598","2.604","2.604","2.593","0.04%"
"03/15/2021","2.597","2.633","2.633","2.592","0.54%"
"03/12/2021","2.583","2.590","2.590","2.577","0.16%"
"03/11/2021","2.579","2.593","2.593","2.578","-0.08%"
"03/10/2021","2.581","2.586","2.586","2.573","0.16%"
"03/09/2021","2.577","2.585","2.590","2.572","0.12%"
"03/08/2021","2.574","2.670","2.670","2.570","-0.23%"
"03/05/2021","2.580","2.650","2.650","2.580","0.00%"
"03/04/2021","2.580","2.561","2.596","2.561","0.47%"
"03/03/2021","2.568","2.571","2.577","2.568","-0.27%"
"03/02/2021","2.575","2.563","2.587","2.563","0.23%"
"03/01/2021","2.569","2.572","2.572","2.557","-4.75%"
"02/26/2021","2.697","2.664","2.704","2.664","1.28%"
"02/25/2021","2.663","2.649","2.663","2.643","0.99%"
"02/24/2021","2.637","2.662","2.662","2.627","-2.15%"
"02/23/2021","2.695","2.704","2.750","2.685","-1.61%"
"02/22/2021","2.739","2.719","2.769","2.719","1.39%"
"02/20/2021","2.701","2.687","2.701","2.687","-1.04%"
"02/19/2021","2.730","2.770","2.770","2.720","-3.02%"
"02/18/2021","2.815","2.790","2.835","2.790","1.70%"
"02/10/2021","2.768","2.811","2.811","2.768","-1.46%"
"02/09/2021","2.809","2.819","2.819","2.793","0.36%"
"02/08/2021","2.799","2.799","2.838","2.793","1.78%"
"02/07/2021","2.750","2.750","2.750","2.750","-1.79%"
"02/05/2021","2.800","2.798","2.855","2.780","1.45%"
"02/04/2021","2.760","2.702","2.760","2.702","0.66%"
"02/03/2021","2.742","2.702","2.742","2.702","1.07%"
"02/02/2021","2.713","2.740","2.745","2.713","-0.99%"
"02/01/2021","2.740","2.850","2.850","2.733","-3.18%"
"01/29/2021","2.830","2.800","2.840","2.790","2.95%"
"01/28/2021","2.749","2.686","2.749","2.686","1.55%"
"01/27/2021","2.707","2.649","2.707","2.628","2.77%"
"01/26/2021","2.634","2.576","2.648","2.576","2.37%"
"01/25/2021","2.573","2.635","2.635","2.568","-0.77%"
"01/22/2021","2.593","2.572","2.593","2.572","0.89%"
"01/21/2021","2.570","2.585","2.597","2.560","-0.16%"
"01/20/2021","2.574","2.581","2.581","2.564","0.16%"
"01/19/2021","2.570","2.539","2.570","2.535","1.06%"
"01/18/2021","2.543","2.555","2.555","2.520","4.52%"
"01/15/2021","2.433","2.395","2.433","2.388","1.46%"
"01/14/2021","2.398","2.375","2.398","2.375","1.40%"
"01/13/2021","2.365","2.442","2.442","2.365","-3.47%"
"01/12/2021","2.450","2.486","2.499","2.443","-1.49%"
"01/11/2021","2.487","2.535","2.585","2.483","-0.60%"
"01/08/2021","2.502","2.530","2.530","2.496","-0.60%"
"01/07/2021","2.517","2.590","2.590","2.503","-4.04%"
"01/06/2021","2.623","2.668","2.668","2.615","-2.20%"
"01/05/2021","2.682","2.675","2.692","2.675","0.22%"
"01/04/2021","2.676","2.718","2.718","2.670","-0.89%"
"12/31/2020","2.700","2.712","2.723","2.688","-1.03%"
"12/30/2020","2.728","2.723","2.738","2.698","-0.55%"
"12/29/2020","2.743","2.738","2.743","2.722","-0.54%"
"12/28/2020","2.758","2.830","2.830","2.758","-2.13%"
"12/25/2020","2.818","2.848","2.848","2.813","-1.33%"
"12/24/2020","2.856","2.831","2.856","2.831","0.32%"
"12/23/2020","2.847","2.857","2.884","2.842","-0.42%"
"12/22/2020","2.859","2.892","2.902","2.855","-1.31%"
"12/21/2020","2.897","2.925","2.925","2.885","0.31%"
"12/18/2020","2.888","2.908","2.908","2.883","-0.69%"
"12/17/2020","2.908","2.878","2.908","2.878","0.73%"
"12/16/2020","2.887","2.980","2.980","2.871","-2.00%"
"12/15/2020","2.946","2.967","2.967","2.928","-0.97%"
"12/14/2020","2.975","3.050","3.050","2.973","-1.06%"
"12/11/2020","3.007","3.050","3.050","3.002","1.25%"
"12/10/2020","2.970","3.070","3.070","2.965","-1.98%"
"12/09/2020","3.030","3.022","3.030","3.010","0.60%"
"12/08/2020","3.012","3.055","3.055","3.003","-0.36%"
"12/07/2020","3.023","3.100","3.100","3.014","0.20%"
"12/04/2020","3.017","3.035","3.035","3.011","-0.76%"
"12/03/2020","3.040","3.035","3.040","3.033","1.06%"
"12/02/2020","3.008","3.060","3.060","2.998","-0.59%"
"12/01/2020","3.026","3.050","3.050","3.021","-1.75%"
"11/30/2020","3.080","3.145","3.145","3.050","0.65%"
"11/27/2020","3.060","3.140","3.140","3.040","0.49%"
"11/26/2020","3.045","3.130","3.130","3.040","0.16%"
"11/25/2020","3.040","3.108","3.108","3.040","-0.33%"
"11/24/2020","3.050","3.092","3.092","3.050","0.00%"
"11/23/2020","3.050","3.145","3.145","3.050","0.00%"
"11/20/2020","3.050","3.090","3.090","3.050","0.73%"
"11/19/2020","3.028","3.055","3.055","3.020","0.93%"
"11/18/2020","3.000","3.010","3.010","3.000","1.63%"
"11/17/2020","2.952","3.000","3.000","2.940","-0.84%"
"11/16/2020","2.977","3.000","3.000","2.950","5.08%"
"11/13/2020","2.833","2.825","2.850","2.797","0.85%"
"11/12/2020","2.809","2.851","2.851","2.790","0.07%"
"11/11/2020","2.807","2.783","2.807","2.767","1.04%"
"11/10/2020","2.778","2.836","2.836","2.767","0.18%"
"11/09/2020","2.773","2.831","2.831","2.760","0.80%"
"11/06/2020","2.751","2.756","2.786","2.738","0.59%"
"11/05/2020","2.735","2.792","2.792","2.719","0.55%"
"11/04/2020","2.720","2.765","2.765","2.719","-1.27%"
"11/03/2020","2.755","2.773","2.773","2.735","0.25%"
"11/02/2020","2.748","2.802","2.802","2.743","0.29%"
"10/30/2020","2.740","2.750","2.750","2.722","0.74%"
"10/29/2020","2.720","2.750","2.750","2.717","0.44%"
"10/28/2020","2.708","2.695","2.708","2.657","0.97%"
"10/27/2020","2.682","2.676","2.682","2.647","1.09%"
"10/26/2020","2.653","2.713","2.713","2.645","0.08%"
"10/23/2020","2.651","2.672","2.672","2.643","0.80%"
"10/22/2020","2.630","2.681","2.681","2.627","-1.68%"
"10/21/2020","2.675","2.686","2.686","2.657","0.56%"
"10/20/2020","2.660","2.681","2.681","2.655","0.04%"
"10/19/2020","2.659","2.750","2.750","2.659","-0.04%"
"10/16/2020","2.660","2.680","2.680","2.640","0.42%"
"10/15/2020","2.649","2.672","2.672","2.642","0.11%"
"10/14/2020","2.646","2.652","2.652","2.634","0.99%"
"10/13/2020","2.620","2.659","2.659","2.620","-1.21%"
"10/12/2020","2.652","2.676","2.679","2.643","2.57%"
"10/10/2020","2.586","2.572","2.590","2.572","-1.58%"
"10/09/2020","2.627","2.719","2.719","2.627","0.65%"
"09/30/2020","2.610","2.635","2.635","2.599","-0.65%"
"09/29/2020","2.627","2.620","2.627","2.600","0.38%"
"09/28/2020","2.617","2.660","2.660","2.590","0.65%"
"09/27/2020","2.600","2.570","2.600","2.565","-0.61%"
"09/25/2020","2.616","2.607","2.623","2.590","1.08%"
"09/24/2020","2.588","2.605","2.605","2.585","-0.50%"
"09/23/2020","2.601","2.623","2.623","2.597","-0.95%"
"09/22/2020","2.626","2.639","2.639","2.608","-0.68%"
"09/21/2020","2.644","2.700","2.700","2.625","0.65%"
"09/18/2020","2.627","2.614","2.627","2.611","0.38%"
"09/17/2020","2.617","2.660","2.660","2.617","-0.11%"
"09/16/2020","2.620","2.640","2.650","2.620","-0.38%"
"09/15/2020","2.630","2.635","2.650","2.630","0.38%"
"09/14/2020","2.620","2.650","2.650","2.605","2.75%"
"09/11/2020","2.550","2.550","2.560","2.550","-0.97%"
"09/10/2020","2.575","2.630","2.630","2.575","-1.64%"
"09/09/2020","2.618","2.592","2.618","2.592","1.99%"
"09/08/2020","2.567","2.570","2.580","2.567","-0.43%"
"09/07/2020","2.578","2.600","2.600","2.565","2.63%"
"09/05/2020","2.512","2.512","2.512","2.512","-0.99%"
"09/04/2020","2.537","2.550","2.553","2.537","0.00%"
"09/03/2020","2.537","2.550","2.560","2.537","-0.35%"
"09/02/2020","2.546","2.550","2.550","2.533","1.64%"
"09/01/2020","2.505","2.510","2.510","2.505","0.08%"
"08/31/2020","2.503","2.480","2.503","2.480","0.93%"
"08/28/2020","2.480","2.475","2.480","2.475","0.28%"
"08/27/2020","2.473","2.471","2.473","2.470","0.04%"
"08/26/2020","2.472","2.489","2.490","2.444","-0.64%"
"08/25/2020","2.488","2.486","2.488","2.466","-0.36%"
"08/24/2020","2.497","2.530","2.530","2.497","1.63%"
"08/21/2020","2.457","2.505","2.505","2.457","-3.65%"
"08/20/2020","2.550","2.550","2.550","2.550","5.72%"
"08/19/2020","2.412","2.420","2.420","2.403","2.07%"
"08/18/2020","2.363","2.430","2.430","2.363","-0.92%"
"08/17/2020","2.385","2.430","2.430","2.385","1.23%"
"08/14/2020","2.356","2.388","2.394","2.356","-0.72%"
"08/13/2020","2.373","2.540","2.540","2.373","2.42%"
"08/12/2020","2.317","2.376","2.376","2.295","0.74%"
"08/11/2020","2.300","2.370","2.370","2.290","-1.29%"
"08/10/2020","2.330","2.490","2.490","2.323","-1.69%"
"08/07/2020","2.370","2.502","2.502","2.370","2.60%"
"08/06/2020","2.310","2.375","2.375","2.300","-1.28%"
"08/05/2020","2.340","2.440","2.440","2.340","2.63%"
"08/04/2020","2.280","2.421","2.421","2.277","-1.72%"
"08/03/2020","2.320","2.370","2.370","2.320","2.07%"
"07/31/2020","2.273","2.355","2.360","2.273","0.13%"
"07/30/2020","2.270","2.400","2.400","2.270","-1.43%"
"07/29/2020","2.303","2.470","2.470","2.300","-0.60%"
"07/28/2020","2.317","2.370","2.370","2.317","0.96%"
"07/27/2020","2.295","2.370","2.370","2.294","1.10%"
"07/24/2020","2.270","2.355","2.355","2.263","-0.74%"
"07/23/2020","2.287","2.450","2.450","2.287","1.51%"
"07/22/2020","2.253","2.280","2.280","2.253","0.00%"
"07/21/2020","2.253","2.295","2.300","2.253","0.22%"
"07/20/2020","2.248","2.290","2.290","2.248","-2.26%"
"07/17/2020","2.300","2.325","2.325","2.273","0.88%"
"07/16/2020","2.280","2.300","2.300","2.273","-0.65%"
"07/15/2020","2.295","2.350","2.350","2.295","2.46%"
"07/14/2020","2.240","2.240","2.240","2.240","-0.44%"
"07/13/2020","2.250","2.250","2.250","2.250","0.90%"
"07/11/2020","2.230","2.230","2.230","2.230","1.59%"
"07/10/2020","2.195","2.250","2.250","2.195","-0.68%"
"07/09/2020","2.210","2.185","2.210","2.178","1.89%"
"07/08/2020","2.169","2.170","2.170","2.150","0.88%"
"07/06/2020","2.150","2.130","2.150","2.130","0.94%"
"07/03/2020","2.130","2.150","2.150","2.130","-1.39%"
"07/02/2020","2.160","2.190","2.190","2.150","-1.37%"
"07/01/2020","2.190","2.150","2.190","2.141","1.39%"
"06/30/2020","2.160","2.160","2.160","2.160","-0.23%"
"06/29/2020","2.165","2.180","2.180","2.165","2.85%"
"06/28/2020","2.105","2.105","2.105","2.105","-7.68%"
"06/24/2020","2.280","2.280","2.280","2.280","1.33%"
"06/23/2020","2.250","2.170","2.250","2.170","3.69%"
"06/22/2020","2.170","2.150","2.200","2.150","0.93%"
"06/18/2020","2.150","2.140","2.150","2.140","0.80%"
"06/17/2020","2.133","2.130","2.150","2.130","2.55%"
"06/11/2020","2.080","2.095","2.097","2.080","-0.72%"
"06/10/2020","2.095","2.110","2.110","2.095","-0.71%"
"06/09/2020","2.110","2.110","2.110","2.110","0.74%"
"06/08/2020","2.094","2.104","2.108","2.094","21.77%"
"06/04/2020","1.720","1.720","1.720","1.720","0.00%"
"06/03/2020","1.720","1.720","1.720","1.720","4.88%"
"06/02/2020","1.640","1.640","1.640","1.640","-0.61%"
"06/01/2020","1.650","1.650","1.650","1.650","2.42%"
"05/29/2020","1.611","1.611","1.611","1.611","1.72%"
"05/28/2020","1.584","1.587","1.594","1.572","1.52%"
"05/27/2020","1.560","1.520","1.560","1.520","4.00%"
"05/25/2020","1.500","1.500","1.500","1.500","0.00%"
"05/22/2020","1.500","1.500","1.500","1.500","2.78%"
"05/21/2020","1.459","1.434","1.449","1.434","1.21%"
"05/20/2020","1.442","1.459","1.462","1.442","1.55%"
"05/19/2020","1.420","1.420","1.420","1.420","1.43%"
"05/18/2020","1.400","1.400","1.400","1.400","13.82%"
"05/15/2020","1.230","1.250","1.250","1.230","-2.38%"
"05/14/2020","1.260","1.265","1.270","1.260","2.44%"
"05/13/2020","1.230","1.230","1.230","1.230","-2.38%"
"05/12/2020","1.260","1.260","1.260","1.260","2.19%"
"05/11/2020","1.233","1.300","1.300","1.233","3.48%"
"05/09/2020","1.191","1.191","1.191","1.191","-2.18%"
"05/08/2020","1.218","1.217","1.227","1.217","2.78%"
"05/07/2020","1.185","1.193","1.210","1.185","-0.25%"
"05/06/2020","1.188","1.210","1.210","1.180","4.21%"
"05/04/2020","1.140","1.140","1.140","1.140","-0.26%"
"04/30/2020","1.143","1.165","1.180","1.143","-1.12%"
"04/29/2020","1.156","1.174","1.174","1.156","-0.17%"
"04/28/2020","1.158","1.175","1.175","1.158","-0.69%"
"04/27/2020","1.166","1.250","1.250","1.166","0.78%"
"04/26/2020","1.157","1.157","1.157","1.157","-0.69%"
"04/24/2020","1.165","1.177","1.190","1.165","0.69%"
"04/23/2020","1.157","1.197","1.197","1.157","-3.98%"
"04/22/2020","1.205","1.225","1.233","1.205","-1.23%"
"04/21/2020","1.220","1.235","1.235","1.220","0.83%"
"04/20/2020","1.210","1.200","1.210","1.200","0.83%"
"04/17/2020","1.200","1.210","1.210","1.200","-1.64%"
"04/16/2020","1.220","1.220","1.235","1.220","2.09%"
"04/15/2020","1.195","1.190","1.195","1.190","-5.38%"
"04/14/2020","1.263","1.263","1.263","1.263","4.38%"
"04/13/2020","1.210","1.210","1.210","1.210","1.42%"
"04/10/2020","1.193","1.193","1.193","1.193","-0.33%"
"04/09/2020","1.197","1.251","1.251","1.195","-7.92%"
"04/08/2020","1.300","1.300","1.300","1.300","-13.33%"
"04/07/2020","1.500","1.620","1.620","1.500","-3.23%"
"04/03/2020","1.550","1.665","1.665","1.550","-9.88%"
"04/02/2020","1.720","1.730","1.730","1.715","-0.29%"
"04/01/2020","1.725","1.720","1.755","1.705","-5.22%"
"03/30/2020","1.820","1.820","1.820","1.820","0.72%"
"03/27/2020","1.807","1.807","1.807","1.807","1.92%"
"03/26/2020","1.773","1.750","1.773","1.750","-8.61%"
"03/25/2020","1.940","1.940","1.940","1.940","0.26%"
"03/24/2020","1.935","1.955","1.955","1.935","-1.88%"
"03/23/2020","1.972","2.007","2.007","1.964","-0.75%"
"03/20/2020","1.987","2.010","2.010","1.987","0.61%"
"03/19/2020","1.975","2.043","2.043","1.950","-4.82%"
"03/18/2020","2.075","2.100","2.100","2.075","1.72%"
"03/17/2020","2.040","2.094","2.094","2.040","-1.31%"
"03/16/2020","2.067","2.128","2.128","2.063","0.93%"
"03/13/2020","2.048","2.083","2.083","2.048","-1.63%"
"03/12/2020","2.082","2.072","2.082","2.072","-0.05%"
"03/11/2020","2.083","2.080","2.083","2.070","-0.57%"
"03/10/2020","2.095","1.986","2.095","1.986","5.49%"
"03/09/2020","1.986","2.056","2.056","1.986","-3.69%"
"03/06/2020","2.062","2.098","2.105","2.062","-0.39%"
"03/05/2020","2.070","2.100","2.100","2.070","-0.34%"
"03/04/2020","2.077","2.075","2.084","2.072","0.05%"
"03/03/2020","2.076","2.079","2.079","2.075","0.34%"
"03/02/2020","2.069","2.087","2.087","2.063","-0.34%"
"02/28/2020","2.076","2.075","2.076","2.075","-0.43%"
"02/27/2020","2.085","2.084","2.085","2.084","0.34%"
"02/26/2020","2.078","2.100","2.100","2.078","0.53%"
"02/25/2020","2.067","2.000","2.067","2.000","-1.10%"
"02/24/2020","2.090","2.090","2.090","2.090","-0.95%"
"02/21/2020","2.110","2.150","2.150","2.110","-1.31%"
"02/20/2020","2.138","2.140","2.150","2.138","0.61%"
"02/19/2020","2.125","2.130","2.135","2.123","0.24%"
"02/18/2020","2.120","2.110","2.147","2.110","-3.02%"
"02/17/2020","2.186","2.136","2.186","2.136","1.20%"
"02/14/2020","2.160","2.160","2.160","2.160","1.17%"
"02/13/2020","2.135","2.160","2.160","2.135","-0.51%"
"02/12/2020","2.146","2.138","2.146","2.138","0.28%"
"02/11/2020","2.140","2.140","2.140","2.140","-0.83%"
"02/10/2020","2.158","2.166","2.166","2.158","-1.91%"
"02/07/2020","2.200","2.200","2.200","2.200","-0.27%"
"02/06/2020","2.206","2.241","2.241","2.183","-1.43%"
"02/05/2020","2.238","2.266","2.266","2.238","0.36%"
"02/04/2020","2.230","2.250","2.250","2.230","-2.62%"
"01/23/2020","2.290","2.290","2.290","2.290","-2.43%"
"01/22/2020","2.347","2.365","2.365","2.347","-0.97%"
"01/21/2020","2.370","2.320","2.370","2.320","-1.04%"
"01/20/2020","2.395","2.420","2.420","2.383","-0.75%"
"01/17/2020","2.413","2.420","2.420","2.410","0.25%"
"01/16/2020","2.407","2.413","2.413","2.400","-0.54%"
"01/15/2020","2.420","2.400","2.420","2.400","-0.12%"
"01/14/2020","2.423","2.450","2.450","2.423","-0.41%"
"01/13/2020","2.433","2.450","2.450","2.430","-0.37%"
"01/10/2020","2.442","2.480","2.480","2.442","-0.33%"
"01/09/2020","2.450","2.450","2.450","2.450","1.11%"
"01/08/2020","2.423","2.475","2.475","2.423","-2.10%"
"01/07/2020","2.475","2.490","2.495","2.475","0.08%"
"01/06/2020","2.473","2.500","2.500","2.463","-0.28%"
"01/03/2020","2.480","2.490","2.490","2.480","1.43%"
"01/02/2020","2.445","2.440","2.445","2.440","0.20%"
"12/30/2019","2.440","2.500","2.500","2.410","-1.89%"
"12/27/2019","2.487","2.510","2.510","2.480","1.10%"
"12/26/2019","2.460","2.560","2.560","2.460","-4.21%"
"12/25/2019","2.568","2.610","2.610","2.568","-0.47%"
"12/24/2019","2.580","2.605","2.605","2.580","-3.01%"
"12/23/2019","2.660","2.670","2.670","2.655","-0.37%"
"12/20/2019","2.670","2.685","2.685","2.670","-0.48%"
"12/19/2019","2.683","2.700","2.700","2.677","0.00%"
"12/18/2019","2.683","2.710","2.710","2.680","-1.00%"
"12/17/2019","2.710","2.700","2.710","2.700","0.26%"
"12/16/2019","2.703","2.710","2.710","2.700","-0.26%"
"12/13/2019","2.710","2.740","2.740","2.710","0.93%"
"12/12/2019","2.685","2.734","2.740","2.685","-2.19%"
"12/11/2019","2.745","2.710","2.745","2.710","1.03%"
"12/10/2019","2.717","2.690","2.717","2.690","-0.84%"
"12/09/2019","2.740","2.740","2.740","2.740","2.51%"
"12/06/2019","2.673","2.650","2.673","2.650","-0.37%"
"12/05/2019","2.683","2.700","2.700","2.683","0.37%"
"12/04/2019","2.673","2.660","2.673","2.650","-0.63%"
"12/03/2019","2.690","2.710","2.710","2.690","-0.37%"
"12/02/2019","2.700","2.700","2.700","2.700","0.75%"
"11/29/2019","2.680","2.670","2.680","2.670","0.11%"
"11/28/2019","2.677","2.683","2.683","2.670","-0.67%"
"11/27/2019","2.695","2.710","2.710","2.695","0.26%"
"11/26/2019","2.688","2.690","2.690","2.683","-0.19%"
"11/25/2019","2.693","2.680","2.695","2.680","0.86%"
"11/22/2019","2.670","2.660","2.680","2.660","0.56%"
"11/21/2019","2.655","2.660","2.660","2.650","-2.14%"
"11/20/2019","2.713","2.740","2.740","2.707","-1.17%"
"11/19/2019","2.745","2.755","2.755","2.740","0.55%"
"11/18/2019","2.730","2.740","2.740","2.700","-0.66%"
"11/15/2019","2.748","2.770","2.770","2.748","0.11%"
"11/14/2019","2.745","2.770","2.770","2.745","0.55%"
"11/13/2019","2.730","2.740","2.740","2.730","0.92%"
"11/12/2019","2.705","2.690","2.710","2.690","0.19%"
"11/11/2019","2.700","2.700","2.700","2.700","-0.95%"
"11/08/2019","2.726","2.740","2.740","2.720","-0.04%"
"11/07/2019","2.727","2.710","2.730","2.710","0.07%"
"11/06/2019","2.725","2.757","2.757","2.725","-1.80%"
"11/05/2019","2.775","2.750","2.775","2.750","1.91%"
"11/04/2019","2.723","2.730","2.730","2.720","-0.73%"
"11/01/2019","2.743","2.750","2.750","2.735","0.85%"
"10/31/2019","2.720","2.750","2.750","2.720","0.74%"
"10/30/2019","2.700","2.700","2.700","2.700","0.19%"
"10/29/2019","2.695","2.711","2.711","2.695","0.19%"
"10/28/2019","2.690","2.680","2.695","2.680","-1.10%"
"10/25/2019","2.720","2.725","2.725","2.720","0.41%"
"10/24/2019","2.709","2.709","2.729","2.709","0.15%"
"10/23/2019","2.705","2.697","2.705","2.697","0.30%"
"10/22/2019","2.697","2.700","2.700","2.685","0.52%"
"10/21/2019","2.683","2.660","2.683","2.660","0.11%"
"10/18/2019","2.680","2.680","2.680","2.680","0.04%"
"10/17/2019","2.679","2.693","2.693","2.676","-0.45%"
"10/16/2019","2.691","2.700","2.700","2.691","0.67%"
"10/15/2019","2.673","2.673","2.673","2.673","0.75%"
"10/14/2019","2.653","2.671","2.671","2.653","0.19%"
"10/11/2019","2.648","2.677","2.677","2.648","-0.56%"
"10/10/2019","2.663","2.678","2.678","2.649","0.23%"
"10/09/2019","2.657","2.682","2.682","2.657","-0.11%"
"10/08/2019","2.660","2.630","2.660","2.630","-0.37%"
"09/30/2019","2.670","2.670","2.670","2.670","0.75%"
"09/27/2019","2.650","2.650","2.650","2.650","-0.15%"
"09/26/2019","2.654","2.671","2.671","2.654","-0.75%"
"09/25/2019","2.674","2.664","2.674","2.664","1.29%"
"09/24/2019","2.640","2.640","2.640","2.640","-0.38%"
"09/23/2019","2.650","2.650","2.650","2.650","4.78%"
"09/20/2019","2.529","2.528","2.529","2.528","0.28%"
"09/19/2019","2.522","2.538","2.539","2.520","-0.71%"
"09/18/2019","2.540","2.540","2.540","2.540","-0.20%"
"09/17/2019","2.545","2.566","2.566","2.545","0.00%"
"09/16/2019","2.545","2.590","2.590","2.545","-0.59%"
"09/12/2019","2.560","2.560","2.560","2.560","-1.92%"
"09/10/2019","2.610","2.614","2.614","2.610","-0.53%"
"09/09/2019","2.624","2.627","2.627","2.624","1.71%"
"09/06/2019","2.580","2.580","2.580","2.580","-0.69%"
"09/05/2019","2.598","2.602","2.607","2.598","0.04%"
"09/04/2019","2.597","2.564","2.601","2.564","2.49%"
"09/03/2019","2.534","2.564","2.564","2.534","-0.59%"
"09/02/2019","2.549","2.580","2.580","2.549","0.47%"
"08/30/2019","2.537","2.554","2.554","2.537","-0.70%"
"08/29/2019","2.555","2.530","2.555","2.530","1.15%"
"08/28/2019","2.526","2.549","2.549","2.526","0.08%"
"08/27/2019","2.524","2.531","2.531","2.524","-0.59%"
"08/26/2019","2.539","2.562","2.562","2.539","-0.31%"
"08/23/2019","2.547","2.576","2.576","2.547","-0.24%"
"08/22/2019","2.553","2.566","2.576","2.553","-0.39%"
"08/21/2019","2.563","2.565","2.577","2.561","0.04%"
"08/20/2019","2.562","2.572","2.572","2.547","0.59%"
"08/19/2019","2.547","2.580","2.580","2.525","0.71%"
"08/16/2019","2.529","2.565","2.565","2.529","-0.16%"
"08/15/2019","2.533","2.558","2.562","2.533","0.04%"
"08/14/2019","2.532","2.513","2.543","2.513","0.76%"
"08/13/2019","2.513","2.483","2.513","2.483","0.48%"
"08/12/2019","2.501","2.507","2.507","2.485","-1.73%"
"08/09/2019","2.545","2.545","2.545","2.540","0.20%"
"08/08/2019","2.540","2.553","2.553","2.530","-0.47%"
"08/07/2019","2.552","2.561","2.561","2.552","-0.55%"
"08/06/2019","2.566","2.595","2.595","2.553","-0.96%"
"08/05/2019","2.591","2.592","2.592","2.591","0.66%"
"08/02/2019","2.574","2.611","2.611","2.574","-0.54%"
"08/01/2019","2.588","2.609","2.609","2.588","0.04%"
"07/31/2019","2.587","2.618","2.618","2.587","-0.35%"
"07/30/2019","2.596","2.619","2.619","2.595","-0.23%"
"07/29/2019","2.602","2.640","2.640","2.590","0.12%"
"07/26/2019","2.599","2.640","2.640","2.598","-0.46%"
"07/25/2019","2.611","2.638","2.638","2.600","0.35%"
"07/24/2019","2.602","2.633","2.633","2.602","-0.57%"
"07/23/2019","2.617","2.620","2.626","2.603","0.19%"
"07/22/2019","2.612","2.640","2.640","2.612","-0.80%"
"07/19/2019","2.633","2.639","2.639","2.618","0.23%"
"07/18/2019","2.627","2.624","2.635","2.618","0.61%"
"07/17/2019","2.611","2.615","2.623","2.610","-0.08%"
"07/16/2019","2.613","2.617","2.620","2.603","0.50%"
"07/15/2019","2.600","2.650","2.650","2.600","-0.15%"
"07/12/2019","2.604","2.604","2.605","2.583","1.05%"
"07/11/2019","2.577","2.590","2.590","2.569","-0.62%"
"07/10/2019","2.593","2.615","2.615","2.587","0.12%"
"07/09/2019","2.590","2.675","2.675","2.588","0.39%"
"07/08/2019","2.580","2.651","2.651","2.574","0.00%"
"07/05/2019","2.580","2.604","2.604","2.565","-0.12%"
"07/04/2019","2.583","2.634","2.634","2.583","-1.56%"
"07/03/2019","2.624","2.658","2.658","2.623","-0.27%"
"07/02/2019","2.631","2.656","2.656","2.621","-0.53%"
"07/01/2019","2.645","2.680","2.680","2.645","-0.34%"
"06/28/2019","2.654","2.641","2.657","2.623","0.68%"
"06/27/2019","2.636","2.644","2.644","2.634","0.04%"
"06/26/2019","2.635","2.667","2.667","2.635","-0.72%"
"06/25/2019","2.654","2.679","2.679","2.638","0.00%"
"06/24/2019","2.654","2.725","2.725","2.650","0.23%"
"06/21/2019","2.648","2.703","2.703","2.640","4.17%"
"06/20/2019","2.542","2.594","2.594","2.542","-0.70%"
"06/19/2019","2.560","2.570","2.570","2.550","-2.55%"
"06/18/2019","2.627","2.639","2.639","2.619","0.65%"
"06/17/2019","2.610","2.620","2.620","2.605","3.12%"
"06/14/2019","2.531","2.544","2.544","2.531","-0.82%"
"06/13/2019","2.552","2.552","2.552","2.552","0.08%"
"06/12/2019","2.550","2.550","2.550","2.550","0.51%"
"06/11/2019","2.537","2.542","2.542","2.535","-0.31%"
"06/10/2019","2.545","2.560","2.560","2.545","-0.08%"
"06/06/2019","2.547","2.550","2.552","2.545","0.28%"
"06/05/2019","2.540","2.591","2.591","2.540","-1.82%"
"06/04/2019","2.587","2.603","2.604","2.587","0.04%"
"06/03/2019","2.586","2.577","2.586","2.564","0.74%"
"05/31/2019","2.567","2.612","2.617","2.567","-1.99%"
"05/30/2019","2.619","2.627","2.627","2.613","0.19%"
"05/29/2019","2.614","2.639","2.639","2.614","-0.31%"
"05/28/2019","2.622","2.609","2.626","2.609","1.39%"
"05/27/2019","2.586","2.600","2.600","2.579","-1.03%"
"05/24/2019","2.613","2.627","2.630","2.613","0.50%"
"05/23/2019","2.600","2.600","2.604","2.590","-0.57%"
"05/22/2019","2.615","2.616","2.660","2.575","0.85%"
"05/21/2019","2.593","2.617","2.617","2.593","0.00%"
"05/20/2019","2.593","2.650","2.650","2.593","-1.03%"
"05/17/2019","2.620","2.667","2.667","2.617","-0.30%"
"05/16/2019","2.628","2.653","2.653","2.628","0.31%"
"05/15/2019","2.620","2.669","2.669","2.620","0.11%"
"05/14/2019","2.617","2.616","2.619","2.616","0.19%"
"05/13/2019","2.612","2.629","2.629","2.609","-0.61%"
"05/10/2019","2.628","2.665","2.665","2.623","0.31%"
"05/09/2019","2.620","2.680","2.680","2.601","0.50%"
"05/08/2019","2.607","2.650","2.650","2.605","-0.87%"
"05/07/2019","2.630","2.643","2.643","2.620","-0.19%"
"05/06/2019","2.635","2.650","2.660","2.635","-1.86%"
"04/30/2019","2.685","2.720","2.720","2.663","0.79%"
"04/29/2019","2.664","2.660","2.680","2.650","0.15%"
"04/28/2019","2.660","2.680","2.680","2.660","-1.12%"
"04/26/2019","2.690","2.745","2.745","2.690","-0.11%"
"04/25/2019","2.693","2.745","2.745","2.693","0.11%"
"04/24/2019","2.690","2.722","2.722","2.688","-0.55%"
"04/23/2019","2.705","2.729","2.729","2.705","0.41%"
"04/22/2019","2.694","2.770","2.770","2.694","0.41%"
"04/19/2019","2.683","2.749","2.749","2.676","-0.63%"
"04/18/2019","2.700","2.627","2.721","2.627","6.30%"
"04/17/2019","2.540","2.525","2.550","2.525","1.40%"
"04/16/2019","2.505","2.525","2.525","2.505","0.60%"
"04/15/2019","2.490","2.470","2.490","2.470","2.17%"
"04/12/2019","2.437","2.420","2.437","2.410","0.83%"
"04/11/2019","2.417","2.390","2.417","2.390","0.00%"
"04/10/2019","2.417","2.410","2.435","2.410","1.13%"
"04/09/2019","2.390","2.460","2.460","2.390","-2.17%"
"04/08/2019","2.443","2.430","2.465","2.430","1.16%"
"04/04/2019","2.415","2.440","2.470","2.415","-0.90%"
"04/03/2019","2.437","2.460","2.460","2.402","1.97%"
"04/02/2019","2.390","2.420","2.425","2.390","-0.13%"
"04/01/2019","2.393","2.468","2.468","2.393","-0.25%"
"03/29/2019","2.399","2.449","2.449","2.399","0.08%"
"03/28/2019","2.397","2.457","2.457","2.397","-1.32%"
"03/27/2019","2.429","2.467","2.467","2.429","0.41%"
"03/26/2019","2.419","2.431","2.435","2.419","0.00%"
"03/25/2019","2.419","2.380","2.431","2.380","0.17%"
"03/22/2019","2.415","2.443","2.443","2.408","-0.29%"
"03/21/2019","2.422","2.450","2.450","2.417","-0.21%"
"03/20/2019","2.427","2.460","2.460","2.427","0.00%"
"03/19/2019","2.427","2.453","2.453","2.427","0.29%"
"03/18/2019","2.420","2.500","2.500","2.420","0.54%"
"03/15/2019","2.407","2.437","2.455","2.407","-1.07%"
"03/14/2019","2.433","2.461","2.463","2.433","0.29%"
"03/13/2019","2.426","2.447","2.448","2.426","0.46%"
"03/12/2019","2.415","2.453","2.470","2.415","-0.62%"
"03/11/2019","2.430","2.440","2.440","2.430","-0.41%"
"03/08/2019","2.440","2.450","2.470","2.440","1.04%"
"03/07/2019","2.415","2.447","2.447","2.415","-1.71%"
"03/06/2019","2.457","2.472","2.472","2.457","-0.16%"
"03/05/2019","2.461","2.454","2.471","2.454","1.40%"
"03/04/2019","2.427","2.495","2.495","2.427","-0.25%"
"03/01/2019","2.433","2.429","2.443","2.420","1.00%"
"02/28/2019","2.409","2.425","2.432","2.409","-0.37%"
"02/27/2019","2.418","2.400","2.418","2.400","2.15%"
"02/26/2019","2.367","2.363","2.367","2.363","0.30%"
"02/25/2019","2.360","2.395","2.395","2.360","1.16%"
"02/22/2019","2.333","2.345","2.345","2.327","0.26%"
"02/21/2019","2.327","2.347","2.347","2.313","0.82%"
"02/20/2019","2.308","2.305","2.333","2.298","-0.17%"
"02/19/2019","2.312","2.341","2.341","2.312","0.83%"
"02/18/2019","2.293","2.360","2.360","2.293","-1.80%"
"02/15/2019","2.335","2.350","2.350","2.335","0.65%"
"02/14/2019","2.320","2.375","2.375","2.320","-1.02%"
"02/13/2019","2.344","2.365","2.365","2.344","-0.30%"
"02/12/2019","2.351","2.405","2.405","2.351","0.04%"
"02/11/2019","2.350","2.455","2.455","2.350","-1.47%"
"02/02/2019","2.385","2.413","2.413","2.385","0.21%"
"02/01/2019","2.380","2.430","2.430","2.380","-1.45%"
"01/31/2019","2.415","2.443","2.443","2.415","0.08%"
"01/30/2019","2.413","2.451","2.451","2.413","-0.62%"
"01/29/2019","2.428","2.447","2.455","2.428","0.33%"
"01/28/2019","2.420","2.470","2.470","2.420","-0.49%"
"01/25/2019","2.432","2.468","2.468","2.432","-0.65%"
"01/24/2019","2.448","2.463","2.468","2.448","0.33%"
"01/23/2019","2.440","2.490","2.490","2.399","-0.61%"
"01/22/2019","2.455","2.490","2.490","2.455","-0.20%"
"01/21/2019","2.460","2.490","2.490","2.455","1.36%"
"01/18/2019","2.427","2.475","2.475","2.427","-0.53%"
"01/17/2019","2.440","2.485","2.485","2.440","-0.53%"
"01/16/2019","2.453","2.475","2.475","2.429","-0.04%"
"01/15/2019","2.454","2.458","2.470","2.450","0.29%"
"01/14/2019","2.447","2.470","2.470","2.435","7.89%"
"01/11/2019","2.268","2.281","2.281","2.268","-0.48%"
"01/10/2019","2.279","2.287","2.287","2.274","0.26%"
"01/09/2019","2.273","2.306","2.306","2.273","-1.77%"
"01/08/2019","2.314","2.360","2.360","2.314","-2.65%"
"01/07/2019","2.377","2.410","2.410","2.377","-1.37%"
"01/04/2019","2.410","2.410","2.410","2.410","0.04%"
"01/03/2019","2.409","2.409","2.409","2.409","-2.86%"
"01/02/2019","2.480","2.480","2.480","2.480","-3.69%"
"12/28/2018","2.575","2.610","2.610","2.575","-2.09%"
"12/27/2018","2.630","2.676","2.700","2.630","-1.39%"
"12/26/2018","2.667","2.674","2.676","2.667","0.60%"
"12/25/2018","2.651","2.675","2.675","2.651","0.00%"
"12/24/2018","2.651","2.700","2.700","2.651","-6.72%"
"12/21/2018","2.842","2.842","2.842","2.842","0.74%"
"12/20/2018","2.821","2.745","2.888","2.745","7.38%"
"12/19/2018","2.627","2.640","2.640","2.625","0.31%"
"12/18/2018","2.619","2.630","2.630","2.619","-0.57%"
"12/17/2018","2.634","2.635","2.638","2.628","0.61%"
"12/14/2018","2.618","2.650","2.650","2.618","0.00%"
"12/13/2018","2.618","2.635","2.635","2.617","-0.68%"
"12/12/2018","2.636","2.649","2.649","2.631","-0.38%"
"12/11/2018","2.646","2.639","2.654","2.639","1.15%"
"12/10/2018","2.616","2.620","2.620","2.607","0.08%"
"12/07/2018","2.614","2.629","2.629","2.614","-0.08%"
"12/06/2018","2.616","2.600","2.621","2.600","-0.87%"
"12/05/2018","2.639","2.667","2.667","2.639","-0.90%"
"12/04/2018","2.663","2.670","2.676","2.663","0.49%"
"12/03/2018","2.650","2.660","2.660","2.650","0.19%"
"11/30/2018","2.645","2.654","2.656","2.645","-0.04%"
"11/29/2018","2.646","2.665","2.665","2.646","-0.53%"
"11/28/2018","2.660","2.696","2.696","2.660","-0.97%"
"11/27/2018","2.686","2.696","2.696","2.686","0.00%"
"11/26/2018","2.686","2.690","2.696","2.686","0.71%"
"11/23/2018","2.667","2.682","2.682","2.667","-1.00%"
"11/22/2018","2.694","2.719","2.719","2.694","-0.22%"
"11/21/2018","2.700","2.700","2.706","2.700","-0.92%"
"11/20/2018","2.725","2.723","2.725","2.723","0.70%"
"11/19/2018","2.706","2.750","2.750","2.706","7.17%"
"11/16/2018","2.525","2.601","2.601","2.525","-0.51%"
"11/15/2018","2.538","2.621","2.621","2.537","-2.27%"
"11/14/2018","2.597","2.635","2.635","2.580","-0.76%"
"11/13/2018","2.617","2.690","2.690","2.617","-1.73%"
"11/12/2018","2.663","2.690","2.690","2.643","-0.93%"
"11/09/2018","2.688","2.723","2.745","2.688","-1.10%"
"11/08/2018","2.718","2.815","2.815","2.717","-1.38%"
"11/07/2018","2.756","2.815","2.815","2.756","-0.86%"
"11/06/2018","2.780","2.805","2.813","2.780","-0.64%"
"11/05/2018","2.798","2.850","2.850","2.798","0.29%"
"11/04/2018","2.790","2.790","2.790","2.790","0.00%"
"11/03/2018","2.790","2.813","2.813","2.790","-0.82%"
"11/02/2018","2.813","2.840","2.840","2.813","-0.14%"
"11/01/2018","2.817","2.850","2.850","2.817","-0.70%"
"10/31/2018","2.837","2.849","2.860","2.835","-0.42%"
"10/30/2018","2.849","2.873","2.880","2.825","-0.28%"
"10/29/2018","2.857","2.850","2.870","2.845","0.00%"
"10/26/2018","2.857","2.897","2.897","2.850","-0.80%"
"10/25/2018","2.880","2.865","2.890","2.865","0.00%"
"10/24/2018","2.880","2.926","2.926","2.875","-1.06%"
"10/23/2018","2.911","2.950","2.950","2.900","0.28%"
"10/22/2018","2.903","2.900","2.923","2.898","0.69%"
"10/19/2018","2.883","2.910","2.910","2.875","-0.24%"
"10/18/2018","2.890","2.885","2.893","2.882","0.63%"
"10/17/2018","2.872","2.897","2.897","2.868","0.28%"
"10/16/2018","2.864","2.910","2.910","2.861","-0.38%"
"10/15/2018","2.875","2.870","2.930","2.865","-0.17%"
"10/12/2018","2.880","2.927","2.927","2.875","-1.10%"
"10/11/2018","2.912","2.937","2.937","2.900","-0.10%"
"10/10/2018","2.915","2.941","2.965","2.915","-0.92%"
"10/09/2018","2.942","2.951","2.958","2.941","-0.10%"
"10/08/2018","2.945","2.960","2.961","2.945","-1.17%"
"09/30/2018","2.980","2.990","2.990","2.980","-0.10%"
"09/29/2018","2.983","2.991","2.997","2.975","-0.27%"
"09/28/2018","2.991","3.002","3.009","2.991","-0.03%"
"09/27/2018","2.992","3.002","3.016","2.988","-0.17%"
"09/26/2018","2.997","3.006","3.014","2.995","0.00%"
"09/25/2018","2.997","3.020","3.020","2.992","-0.17%"
"09/21/2018","3.002","2.975","3.012","2.975","0.77%"
"09/20/2018","2.979","2.933","2.980","2.933","1.57%"
"09/19/2018","2.933","2.899","2.955","2.890","1.17%"
"09/18/2018","2.899","2.888","2.899","2.873","0.31%"
"09/17/2018","2.890","2.900","2.900","2.875","1.58%"
"09/14/2018","2.845","2.867","2.867","2.845","-0.52%"
"09/13/2018","2.860","2.885","2.885","2.860","0.21%"
"09/12/2018","2.854","2.859","2.859","2.845","0.00%"
"09/11/2018","2.854","2.865","2.869","2.854","0.18%"
"09/10/2018","2.849","2.880","2.880","2.849","0.71%"
"09/07/2018","2.829","2.843","2.843","2.825","0.18%"
"09/06/2018","2.824","2.831","2.831","2.812","0.25%"
"09/05/2018","2.817","2.850","2.850","2.817","-0.70%"
"09/04/2018","2.837","2.849","2.850","2.837","0.11%"
"09/03/2018","2.834","2.880","2.880","2.825","-0.07%"
"08/31/2018","2.836","2.842","2.845","2.836","0.85%"
"08/30/2018","2.812","2.825","2.825","2.809","-0.18%"
"08/29/2018","2.817","2.860","2.860","2.817","-1.16%"
"08/28/2018","2.850","2.836","2.857","2.836","0.81%"
"08/27/2018","2.827","2.900","2.900","2.827","-0.28%"
"08/24/2018","2.835","2.898","2.899","2.835","-1.87%"
"08/23/2018","2.889","2.937","2.937","2.874","-0.86%"
"08/22/2018","2.914","2.953","2.953","2.914","-0.17%"
"08/21/2018","2.919","2.921","2.935","2.912","0.76%"
"08/20/2018","2.897","2.900","2.901","2.897","1.19%"
"08/17/2018","2.863","2.880","2.880","2.863","0.46%"
"08/16/2018","2.850","2.850","2.867","2.840","0.42%"
"08/15/2018","2.838","2.870","2.870","2.838","-0.07%"
"08/14/2018","2.840","2.815","2.867","2.815","1.57%"
"08/13/2018","2.796","2.830","2.830","2.765","0.58%"
"08/10/2018","2.780","2.736","2.780","2.736","3.58%"
"08/09/2018","2.684","2.667","2.706","2.667","1.74%"
"08/08/2018","2.638","2.680","2.680","2.623","-1.38%"
"08/07/2018","2.675","2.760","2.760","2.657","-1.18%"
"08/06/2018","2.707","2.850","2.850","2.703","-3.25%"
"08/03/2018","2.798","2.828","2.828","2.780","-0.43%"
"08/02/2018","2.810","2.893","2.893","2.782","-1.51%"
"08/01/2018","2.853","2.885","2.893","2.847","-1.38%"
"07/31/2018","2.893","2.930","2.930","2.893","-0.75%"
"07/30/2018","2.915","3.000","3.000","2.895","-3.25%"
"07/27/2018","3.013","3.030","3.030","2.950","-0.33%"
"07/26/2018","3.023","3.063","3.063","3.023","-1.21%"
"07/25/2018","3.060","3.100","3.100","3.057","-0.75%"
"07/24/2018","3.083","3.100","3.100","3.083","0.16%"
"07/23/2018","3.078","3.130","3.130","3.078","-0.06%"
"07/20/2018","3.080","3.127","3.127","3.040","0.16%"
"07/19/2018","3.075","3.104","3.104","3.075","-0.10%"
"07/18/2018","3.078","3.075","3.084","3.069","0.62%"
"07/17/2018","3.059","3.102","3.102","3.059","-0.46%"
"07/16/2018","3.073","3.150","3.150","3.060","-0.23%"
"07/13/2018","3.080","3.148","3.148","3.080","-0.45%"
"07/12/2018","3.094","3.137","3.137","3.090","-0.29%"
"07/11/2018","3.103","3.095","3.107","3.095","0.65%"
"07/10/2018","3.083","3.085","3.095","3.083","1.08%"
"07/09/2018","3.050","3.060","3.065","3.040","-0.42%"
"07/06/2018","3.063","3.120","3.120","3.045","-0.78%"
"07/05/2018","3.087","3.119","3.119","3.079","-0.87%"
"07/04/2018","3.114","3.129","3.136","3.114","-1.27%"
"07/03/2018","3.154","3.208","3.208","3.154","-0.44%"
"07/02/2018","3.168","3.250","3.250","3.168","-1.31%"
"06/29/2018","3.210","3.307","3.307","3.210","-2.28%"
"06/28/2018","3.285","3.297","3.297","3.285","0.21%"
"06/27/2018","3.278","3.307","3.307","3.278","-0.21%"
"06/26/2018","3.285","3.300","3.300","3.285","-0.36%"
"06/25/2018","3.297","3.290","3.297","3.273","0.30%"
"06/22/2018","3.287","3.290","3.305","3.276","0.00%"
"06/21/2018","3.287","3.262","3.300","3.262","0.89%"
"06/20/2018","3.258","3.255","3.261","3.244","0.56%"
"06/19/2018","3.240","3.300","3.300","3.240","-0.09%"
"06/15/2018","3.243","3.280","3.280","3.237","0.09%"
"06/14/2018","3.240","3.272","3.272","3.240","-0.52%"
"06/13/2018","3.257","3.257","3.266","3.256","0.59%"
"06/12/2018","3.238","3.246","3.246","3.232","0.28%"
"06/11/2018","3.229","3.220","3.239","3.220","-0.40%"
"06/08/2018","3.242","3.238","3.250","3.238","0.43%"
"06/07/2018","3.228","3.224","3.250","3.217","0.65%"
"06/06/2018","3.207","3.223","3.223","3.207","0.38%"
"06/05/2018","3.195","3.207","3.207","3.187","0.16%"
"06/04/2018","3.190","3.250","3.250","3.187","0.31%"
"06/01/2018","3.180","3.195","3.195","3.177","-0.16%"
"05/31/2018","3.185","3.184","3.195","3.184","0.25%"
"05/30/2018","3.177","3.173","3.183","3.167","0.13%"
"05/29/2018","3.173","3.163","3.195","3.163","0.41%"
"05/28/2018","3.160","3.190","3.190","3.150","0.00%"
"05/27/2018","3.160","3.160","3.160","3.160","0.16%"
"05/26/2018","3.155","3.155","3.155","3.155","0.00%"
"05/25/2018","3.155","3.165","3.165","3.145","2.44%"
"05/24/2018","3.080","3.077","3.094","3.073","0.75%"
"05/23/2018","3.057","3.061","3.070","3.057","0.30%"
"05/22/2018","3.048","3.078","3.078","3.047","-0.26%"
"05/21/2018","3.056","3.100","3.130","3.056","0.69%"
"05/20/2018","3.035","3.035","3.035","3.035","0.00%"
"05/18/2018","3.035","3.077","3.077","3.030","-0.33%"
"05/17/2018","3.045","3.036","3.045","3.016","2.04%"
"05/16/2018","2.984","2.967","2.995","2.967","1.12%"
"05/15/2018","2.951","2.959","2.976","2.949","0.99%"
"05/14/2018","2.922","3.000","3.000","2.900","0.52%"
"05/11/2018","2.907","2.959","2.959","2.900","0.00%"
"05/10/2018","2.907","2.965","2.965","2.906","0.00%"
"05/09/2018","2.907","2.970","2.970","2.907","-0.21%"
"05/08/2018","2.913","2.957","2.957","2.905","0.00%"
"05/07/2018","2.913","3.000","3.000","2.910","-1.15%"
"05/04/2018","2.947","3.039","3.039","2.930","-1.73%"
"05/03/2018","2.999","3.029","3.029","2.992","-0.13%"
"05/02/2018","3.003","3.067","3.067","3.003","-0.13%"
"04/28/2018","3.007","3.075","3.075","3.000","-0.92%"
"04/27/2018","3.035","3.040","3.040","3.013","0.93%"
"04/26/2018","3.007","3.020","3.035","3.007","-0.10%"
"04/25/2018","3.010","3.005","3.023","3.005","0.23%"
"04/24/2018","3.003","3.015","3.023","3.000","0.54%"
"04/23/2018","2.987","3.050","3.050","2.987","-0.27%"
"04/20/2018","2.995","3.000","3.000","2.995","1.29%"
"04/19/2018","2.957","3.000","3.000","2.957","-4.30%"
"04/18/2018","3.090","3.140","3.180","3.050","-3.04%"
"04/17/2018","3.187","3.228","3.228","3.183","-0.96%"
"04/16/2018","3.218","3.230","3.235","3.211","-0.92%"
"04/13/2018","3.248","3.290","3.300","3.220","0.15%"
"04/12/2018","3.243","3.297","3.300","3.243","-0.67%"
"04/11/2018","3.265","3.285","3.287","3.265","0.15%"
"04/10/2018","3.260","3.325","3.325","3.260","-1.12%"
"04/09/2018","3.297","3.350","3.380","3.297","-0.09%"
"04/08/2018","3.300","3.310","3.350","3.300","-0.30%"
"04/07/2018","3.310","3.310","3.310","3.310","0.00%"
"04/06/2018","3.310","3.310","3.310","3.310","0.46%"
"04/04/2018","3.295","3.350","3.350","3.280","-0.09%"
"04/03/2018","3.298","3.400","3.400","3.295","-0.81%"
"04/02/2018","3.325","3.420","3.420","3.325","-0.75%"
"03/30/2018","3.350","3.385","3.385","3.330","0.21%"
"03/29/2018","3.343","3.350","3.355","3.330","0.15%"
"03/28/2018","3.338","3.342","3.353","3.337","0.18%"
"03/27/2018","3.332","3.300","3.332","3.285","1.68%"
"03/26/2018","3.277","3.300","3.300","3.270","0.06%"
"03/23/2018","3.275","3.270","3.288","3.270","0.37%"
"03/22/2018","3.263","3.300","3.300","3.263","-1.51%"
"03/21/2018","3.313","3.310","3.317","3.310","0.39%"
"03/20/2018","3.300","3.330","3.330","3.300","-0.45%"
"03/19/2018","3.315","3.330","3.330","3.295","0.30%"
"03/16/2018","3.305","3.305","3.315","3.305","0.30%"
"03/15/2018","3.295","3.315","3.315","3.295","-0.15%"
"03/14/2018","3.300","3.300","3.314","3.300","0.00%"
"03/13/2018","3.300","3.278","3.300","3.278","0.67%"
"03/12/2018","3.278","3.300","3.300","3.278","-0.36%"
"03/09/2018","3.290","3.299","3.300","3.290","-0.15%"
"03/08/2018","3.295","3.314","3.314","3.295","-0.24%"
"03/07/2018","3.303","3.335","3.335","3.303","-0.30%"
"03/06/2018","3.313","3.330","3.330","3.313","0.24%"
"03/05/2018","3.305","3.300","3.320","3.300","0.61%"
"03/02/2018","3.285","3.290","3.297","3.285","0.06%"
"03/01/2018","3.283","3.290","3.290","3.277","-0.91%"
"02/28/2018","3.313","3.325","3.338","3.313","-0.90%"
"02/27/2018","3.343","3.405","3.405","3.338","-1.39%"
"02/26/2018","3.390","3.450","3.450","3.387","-0.96%"
"02/24/2018","3.423","3.445","3.460","3.423","-0.64%"
"02/23/2018","3.445","3.423","3.445","3.407","0.94%"
"02/22/2018","3.413","3.460","3.460","3.413","0.09%"
"02/18/2018","3.410","3.410","3.410","3.410","0.00%"
"02/14/2018","3.410","3.420","3.420","3.410","-0.29%"
"02/13/2018","3.420","3.427","3.427","3.413","0.21%"
"02/12/2018","3.413","3.435","3.435","3.413","-0.93%"
"02/11/2018","3.445","3.486","3.486","3.415","-1.18%"
"02/09/2018","3.486","3.486","3.486","3.481","-0.20%"
"02/08/2018","3.493","3.531","3.531","3.487","-0.85%"
"02/07/2018","3.523","3.557","3.557","3.523","0.37%"
"02/06/2018","3.510","3.525","3.550","3.510","0.20%"
"02/05/2018","3.503","3.510","3.510","3.495","-1.05%"
"02/01/2018","3.540","3.600","3.600","3.540","-1.20%"
"01/31/2018","3.583","3.592","3.593","3.583","0.17%"
"01/30/2018","3.577","3.577","3.579","3.573","-0.03%"
"01/29/2018","3.578","3.600","3.600","3.578","0.36%"
"01/26/2018","3.565","3.624","3.624","3.565","-0.39%"
"01/25/2018","3.579","3.605","3.605","3.579","-0.45%"
"01/24/2018","3.595","3.590","3.615","3.590","0.28%"
"01/23/2018","3.585","3.601","3.601","3.580","-0.69%"
"01/22/2018","3.610","3.641","3.641","3.610","-0.63%"
"01/19/2018","3.633","3.658","3.658","3.633","-0.68%"
"01/18/2018","3.658","3.659","3.683","3.658","0.77%"
"01/17/2018","3.630","3.650","3.656","3.630","0.00%"
"01/16/2018","3.630","3.660","3.660","3.630","-0.55%"
"01/15/2018","3.650","3.700","3.700","3.650","1.73%"
"01/13/2018","3.588","3.588","3.588","3.588","0.00%"
"01/12/2018","3.588","3.630","3.630","3.580","-1.08%"
"01/11/2018","3.627","3.615","3.630","3.600","1.26%"
"01/10/2018","3.582","3.553","3.587","3.553","1.10%"
"01/09/2018","3.543","3.570","3.570","3.540","-0.11%"
"01/08/2018","3.547","3.600","3.600","3.545","-1.28%"
"01/05/2018","3.593","3.680","3.680","3.577","-2.23%"
"01/04/2018","3.675","3.673","3.677","3.658","-0.22%"
"01/03/2018","3.683","3.767","3.767","3.683","-1.92%"
"01/02/2018","3.755","3.800","3.800","3.755","-1.26%"